{
	"name": "ds_sink_json",
	"properties": {
		"linkedServiceName": {
			"referenceName": "ls_saf1racing_adlsgen2",
			"type": "LinkedServiceReference"
		},
		"parameters": {
			"ds_param_file_name": {
				"type": "String"
			},
			"ds_param_directory_path": {
				"type": "String"
			}
		},
		"annotations": [],
		"type": "Json",
		"typeProperties": {
			"location": {
				"type": "AzureBlobFSLocation",
				"fileName": {
					"value": "@dataset().ds_param_file_name",
					"type": "Expression"
				},
				"folderPath": {
					"value": "@dataset().ds_param_directory_path",
					"type": "Expression"
				},
				"fileSystem": "f1-project"
			}
		},
		"schema": {
			"type": "object",
			"properties": {
				"constructorId": {
					"type": "integer"
				},
				"constructorRef": {
					"type": "string"
				},
				"name": {
					"type": "string"
				},
				"nationality": {
					"type": "string"
				},
				"url": {
					"type": "string"
				}
			}
		}
	}
}