{
	"name": "pl_ingest_seasons_parent",
	"properties": {
		"activities": [
			{
				"name": "act_cpy_seasons",
				"type": "Copy",
				"dependsOn": [],
				"policy": {
					"timeout": "0.12:00:00",
					"retry": 0,
					"retryIntervalInSeconds": 30,
					"secureOutput": false,
					"secureInput": false
				},
				"userProperties": [],
				"typeProperties": {
					"source": {
						"type": "RestSource",
						"httpRequestTimeout": "00:01:40",
						"requestInterval": "00.00:00:00.010",
						"requestMethod": "GET",
						"paginationRules": {
							"supportRFC5988": "true"
						}
					},
					"sink": {
						"type": "JsonSink",
						"storeSettings": {
							"type": "AzureBlobFSWriteSettings"
						},
						"formatSettings": {
							"type": "JsonWriteSettings"
						}
					},
					"enableStaging": false
				},
				"inputs": [
					{
						"referenceName": "ds_api_source",
						"type": "DatasetReference",
						"parameters": {
							"ds_param_file_name": {
								"value": "@pipeline().parameters.pl_param_file_name",
								"type": "Expression"
							}
						}
					}
				],
				"outputs": [
					{
						"referenceName": "ds_sink_json",
						"type": "DatasetReference",
						"parameters": {
							"ds_param_file_name": {
								"value": "@concat(pipeline().parameters.pl_param_file_name,'.json')",
								"type": "Expression"
							},
							"ds_param_directory_path": {
								"value": "@concat(concat(concat('bronze/',pipeline().parameters.pl_param_file_name),'/'),formatDateTime(utcnow(),'yyyy-MM-dd'))",
								"type": "Expression"
							}
						}
					}
				]
			},
			{
				"name": "act_look_up_on_seasons",
				"type": "Lookup",
				"dependsOn": [
					{
						"activity": "act_cpy_seasons",
						"dependencyConditions": [
							"Succeeded"
						]
					}
				],
				"policy": {
					"timeout": "0.12:00:00",
					"retry": 0,
					"retryIntervalInSeconds": 30,
					"secureOutput": false,
					"secureInput": false
				},
				"userProperties": [],
				"typeProperties": {
					"source": {
						"type": "JsonSource",
						"storeSettings": {
							"type": "AzureBlobFSReadSettings",
							"recursive": true,
							"enablePartitionDiscovery": false
						},
						"formatSettings": {
							"type": "JsonReadSettings"
						}
					},
					"dataset": {
						"referenceName": "ds_sink_json",
						"type": "DatasetReference",
						"parameters": {
							"ds_param_file_name": {
								"value": "@concat(pipeline().parameters.pl_param_file_name,'.json')",
								"type": "Expression"
							},
							"ds_param_directory_path": {
								"value": "@concat(concat(concat('bronze/',pipeline().parameters.pl_param_file_name),'/'),formatDateTime(utcnow(),'yyyy-MM-dd'))",
								"type": "Expression"
							}
						}
					},
					"firstRowOnly": false
				}
			},
			{
				"name": "act_for_each_seasons",
				"type": "ForEach",
				"dependsOn": [
					{
						"activity": "act_look_up_on_seasons",
						"dependencyConditions": [
							"Succeeded"
						]
					}
				],
				"userProperties": [],
				"typeProperties": {
					"items": {
						"value": "@activity('act_look_up_on_seasons').output.value[0].MRData.SeasonTable.Seasons",
						"type": "Expression"
					},
					"isSequential": true,
					"activities": [
						{
							"name": "act_cpy_race_data",
							"type": "Copy",
							"dependsOn": [],
							"policy": {
								"timeout": "0.12:00:00",
								"retry": 0,
								"retryIntervalInSeconds": 30,
								"secureOutput": false,
								"secureInput": false
							},
							"userProperties": [],
							"typeProperties": {
								"source": {
									"type": "RestSource",
									"httpRequestTimeout": "00:01:40",
									"requestInterval": "00.00:00:00.010",
									"requestMethod": "GET",
									"paginationRules": {
										"supportRFC5988": "true"
									}
								},
								"sink": {
									"type": "JsonSink",
									"storeSettings": {
										"type": "AzureBlobFSWriteSettings"
									},
									"formatSettings": {
										"type": "JsonWriteSettings"
									}
								},
								"enableStaging": false
							},
							"inputs": [
								{
									"referenceName": "ds_api_source",
									"type": "DatasetReference",
									"parameters": {
										"ds_param_file_name": {
											"value": "@item().season",
											"type": "Expression"
										}
									}
								}
							],
							"outputs": [
								{
									"referenceName": "ds_sink_json",
									"type": "DatasetReference",
									"parameters": {
										"ds_param_file_name": {
											"value": "@concat(concat('race_',item().season),'.json')",
											"type": "Expression"
										},
										"ds_param_directory_path": {
											"value": "@concat('bronze/races/',formatDateTime(utcnow(),'yyyy-MM-dd'))",
											"type": "Expression"
										}
									}
								}
							]
						},
						{
							"name": "act_execute_child_results_pl",
							"type": "ExecutePipeline",
							"dependsOn": [
								{
									"activity": "act_cpy_race_data",
									"dependencyConditions": [
										"Succeeded"
									]
								}
							],
							"policy": {
								"secureInput": false
							},
							"userProperties": [],
							"typeProperties": {
								"pipeline": {
									"referenceName": "pl_child_results",
									"type": "PipelineReference"
								},
								"waitOnCompletion": true,
								"parameters": {
									"season_year": {
										"value": "@item().season",
										"type": "Expression"
									}
								}
							}
						}
					]
				}
			}
		],
		"concurrency": 5,
		"parameters": {
			"pl_param_file_name": {
				"type": "string"
			}
		},
		"annotations": []
	}
}